Image,Status
Abstract art_000001.jpg,Clean
Abstract art_000002.jpg,Clean
Abstract art_000003.jpg,Clean
Abstract art_000005.jpg,Clean
Abstract art_000006.jpg,Stego
Abstract art_000007.jpg,Stego
Abstract art_000008.jpg,Clean
Abstract art_000010.jpg,Clean
Abstract art_000011.jpg,Clean
Abstract art_000012.jpg,Clean
Abstract art_000013.jpg,Clean
Abstract art_000016.jpg,Clean
Abstract art_000017.jpg,Clean
Abstract art_000020.jpg,Clean
Abstract art_000021.jpg,Clean
Abstract art_000023.jpg,Clean
Abstract art_000024.jpg,Clean
Abstract art_000025.jpg,Clean
Abstract art_000026.jpg,Clean
Abstract art_000027.jpg,Stego
Abstract art_000028.jpg,Clean
Abstract art_000029.jpg,Clean
Abstract art_000031.jpg,Clean
Abstract art_000033.jpg,Clean
Abstract art_000034.jpg,Clean
Abstract art_000035.jpg,Clean
Abstract art_000036.jpg,Clean
Abstract art_000037.jpg,Clean
Abstract art_000038.jpg,Clean
Abstract art_000039.jpg,Clean
Abstract art_000040.jpg,Clean
Abstract_000001.jpg,Stego
Abstract_000002.jpg,Clean
Abstract_000003.jpg,Clean
Abstract_000004.jpg,Clean
Abstract_000006.jpg,Clean
Abstract_000007.png,Stego
Abstract_000008.png,Stego
Abstract_000009.jpg,Stego
Abstract_000010.png,Clean
Abstract_000011.jpg,Clean
Abstract_000013.jpg,Clean
Abstract_000015.jpg,Clean
Abstract_000016.jpg,Clean
Abstract_000017.jpg,Clean
Abstract_000019.jpg,Clean
Abstract_000020.jpg,Clean
Abstract_000021.jpg,Clean
Abstract_000023.jpg,Clean
Abstract_000024.jpg,Clean
Abstract_000025.jpg,Clean
Abstract_000026.jpg,Clean
Abstract_000027.jpg,Clean
Abstract_000028.jpeg,Clean
Abstract_000030.jpg,Clean
Abstract_000032.jpg,Clean
Abstract_000033.jpg,Clean
Accessories_000002.png,Stego
Accessories_000004.jpg,Stego
Accessories_000005.jpg,Stego
Accessories_000007.jpg,Stego
Accessories_000010.jpg,Clean
Accessories_000012.jpg,Clean
Accessories_000015.jpg,Stego
Accessories_000017.jpg,Clean
Accessories_000019.jpg,Clean
Accessories_000020.jpg,Clean
Accessories_000021.jpg,Clean
Accessories_000022.jpg,Stego
Accessories_000024.jpg,Clean
Accessories_000025.jpg,Clean
Accessories_000026.jpg,Stego
Accessories_000028.jpg,Stego
Accessories_000030.jpg,Stego
Accessories_000031.jpg,Stego
Accessories_000032.jpg,Clean
Accessories_000033.jpg,Clean
Accessories_000036.jpg,Stego
Accessories_000038.jpg,Clean
Accessories_000039.jpg,Stego
Accessories_000040.jpg,Clean
Accessories_000041.jpg,Clean
Accessories_000042.jpg,Stego
Accessories_000043.jpg,Clean
Accessories_000044.jpg,Stego
Accessories_000045.jpg,Stego
Accessories_000047.jpg,Stego
Accessories_000048.jpg,Stego
Accessories_000049.jpg,Clean
Accessories_000051.jpg,Clean
Accessories_000053.jpg,Stego
Accessories_000054.jpg,Clean
Accessories_000056.jpg,Stego
Accessories_000057.jpg,Stego
Accessories_000058.jpg,Clean
Accessories_000059.jpg,Clean
Accessories_000061.jpg,Stego
Accessories_000062.jpg,Clean
Accessories_000063.jpg,Stego
Accessories_000065.jpg,Stego
Accessories_000066.jpg,Stego
Accessories_000067.jpg,Clean
Accessories_000068.jpg,Stego
Accessories_000070.jpg,Clean
Accessories_000072.jpg,Stego
Accessories_000073.jpg,Stego
Accessories_000074.jpg,Clean
Accessories_000075.jpg,Stego
Accessories_000078.jpg,Stego
Accessories_000079.jpg,Clean
Accessories_000081.jpg,Stego
Accessories_000082.jpg,Stego
Accessories_000084.png,Stego
Accessories_000085.jpg,Stego
Adventure_000001.jpg,Stego
Adventure_000002.jpg,Clean
Adventure_000003.jpg,Clean
Adventure_000004.jpeg,Clean
Adventure_000005.jpg,Clean
Adventure_000006.jpg,Clean
Adventure_000007.jpg,Clean
Adventure_000008.jpg,Clean
Adventure_000009.jpg,Clean
Adventure_000011.jpg,Clean
Adventure_000012.jpg,Clean
Adventure_000013.jpg,Clean
Adventure_000014.jpg,Clean
Adventure_000015.jpg,Stego
Adventure_000017.jpg,Stego
Adventure_000018.jpg,Clean
Adventure_000019.jpg,Clean
Adventure_000020.jpg,Clean
Adventure_000021.jpg,Clean
Aerial photography_000001.jpg,Clean
Aerial photography_000002.jpg,Clean
Aerial photography_000004.jpg,Clean
Aerial photography_000005.jpg,Clean
Aerial photography_000007.jpg,Clean
Aerial photography_000008.jpg,Clean
Aerial photography_000009.jpg,Clean
Aerial photography_000010.jpg,Clean
Aerial photography_000011.jpeg,Clean
Aerial photography_000012.jpg,Clean
Aerial photography_000016.jpg,Clean
Aerial photography_000019.jpg,Clean
Aerial photography_000021.jpg,Clean
Aerial photography_000022.jpg,Clean
Aerial photography_000023.jpg,Clean
Aerial photography_000024.jpg,Clean
Aerial photography_000025.jpg,Clean
Affiliate marketing_000002.jpg,Stego
Affiliate marketing_000005.png,Stego
Affiliate marketing_000009.png,Stego
Affiliate marketing_000010.jpg,Stego
Affiliate marketing_000011.jpg,Clean
Affiliate marketing_000012.png,Stego
Affiliate marketing_000013.png,Clean
Affiliate marketing_000014.png,Stego
Affiliate marketing_000015.png,Stego
Affiliate marketing_000017.png,Stego
Affiliate marketing_000018.jpg,Stego
Affiliate marketing_000020.png,Stego
Affiliate marketing_000021.png,Clean
Affiliate marketing_000023.jpg,Stego
Affiliate marketing_000024.jpg,Clean
Affiliate marketing_000025.png,Stego
Affiliate marketing_000028.jpg,Clean
Affiliate marketing_000029.png,Stego
Affiliate marketing_000031.jpg,Stego
Affiliate marketing_000033.png,Stego
AI technology_000001.jpg,Clean
AI technology_000002.jpg,Clean
AI technology_000003.jpg,Stego
AI technology_000004.jpg,Clean
AI technology_000005.jpg,Stego
AI technology_000006.jpg,Stego
AI technology_000007.jpg,Clean
AI technology_000009.jpg,Stego
AI technology_000010.jpg,Stego
AI technology_000011.png,Stego
Album covers_000003.jpg,Clean
Album covers_000004.jpg,Clean
Album covers_000006.jpg,Clean
Album covers_000007.jpg,Clean
Album covers_000011.png,Clean
Album covers_000015.jpg,Clean
Album covers_000016.png,Clean
Album covers_000017.jpg,Clean
Album covers_000018.jpg,Clean
Animal rights_000002.jpg,Stego
Animal rights_000003.jpg,Clean
Animal rights_000004.jpg,Clean
Animal rights_000005.jpg,Clean
Animal rights_000007.jpg,Clean
Animal rights_000008.jpg,Clean
Animal rights_000011.jpg,Clean
Animal rights_000014.png,Stego
Animal rights_000015.jpg,Stego
Animal rights_000018.jpg,Clean
Animal rights_000019.png,Stego
Animal rights_000021.jpg,Clean
Animal rights_000022.jpg,Stego
Animal rights_000025.png,Stego
Animal rights_000026.jpg,Clean
Animal rights_000028.jpg,Clean
Animal rights_000029.jpg,Clean
Animal rights_000030.jpg,Stego
Animal rights_000031.jpg,Stego
Animal rights_000032.jpg,Stego
Animal rights_000033.jpg,Clean
Animal rights_000034.jpg,Clean
Animal rights_000035.jpg,Clean
Animal rights_000036.jpg,Clean
Animal rights_000037.jpg,Stego
Antique shops_000001.jpg,Clean
Antique shops_000003.jpg,Clean
Antique shops_000005.jpg,Clean
Antique shops_000006.jpg,Clean
Antique shops_000008.jpg,Clean
Antique shops_000009.jpg,Clean
Antique shops_000010.jpg,Clean
Antique shops_000011.png,Clean
Antique shops_000012.png,Clean
Antique shops_000016.jpg,Clean
Antique shops_000017.png,Clean
Antique shops_000018.jpg,Clean
Antique shops_000019.jpg,Clean
Antique shops_000021.jpg,Stego
Antique shops_000023.jpg,Clean
Antique shops_000025.jpg,Clean
Antique shops_000027.jpg,Stego
Antique shops_000028.jpg,Stego
Antique shops_000029.jpg,Clean
Antique shops_000030.jpg,Clean
App reviews_000004.png,Clean
App reviews_000006.png,Stego
App reviews_000007.png,Stego
App reviews_000008.jpg,Stego
App reviews_000009.png,Stego
App reviews_000011.png,Clean
App reviews_000012.png,Stego
App reviews_000013.png,Stego
App reviews_000014.png,Stego
App reviews_000016.png,Stego
App reviews_000019.jpg,Clean
App reviews_000021.jpg,Stego
App reviews_000022.png,Stego
App reviews_000023.jpg,Stego
App reviews_000024.png,Stego
App reviews_000025.jpg,Stego
Architecture photography_000001.jpg,Clean
Architecture photography_000003.jpg,Clean
Architecture photography_000004.jpg,Clean
Architecture photography_000005.jpg,Clean
Architecture photography_000006.jpg,Clean
Architecture photography_000007.jpg,Clean
Architecture photography_000010.jpg,Clean
Architecture photography_000011.jpg,Clean
Architecture photography_000012.jpg,Clean
Architecture photography_000013.jpg,Clean
Architecture photography_000015.jpg,Clean
Architecture photography_000016.jpg,Clean
Architecture photography_000017.jpg,Clean
Architecture photography_000020.jpg,Clean
Architecture photography_000021.jpg,Clean
Architecture photography_000023.jpg,Clean
Architecture photography_000024.jpg,Stego
Architecture photography_000026.jpg,Clean
Architecture photography_000027.jpg,Clean
Architecture photography_000029.jpg,Clean
Architecture_000001.jpg,Clean
Architecture_000003.jpg,Stego
Architecture_000004.jpg,Stego
Architecture_000008.jpg,Clean
Architecture_000010.jpg,Stego
Architecture_000011.jpg,Clean
Architecture_000012.jpeg,Clean
Architecture_000013.jpg,Clean
Architecture_000014.jpg,Stego
Architecture_000015.jpg,Clean
Architecture_000016.jpg,Clean
Architecture_000017.jpg,Clean
Architecture_000018.jpg,Clean
Architecture_000020.jpg,Clean
Architecture_000021.jpg,Clean
Architecture_000022.jpg,Clean
Architecture_000024.jpg,Clean
Architecture_000025.jpg,Clean
Art and culture_000003.jpg,Clean
Art and culture_000004.jpg,Clean
Art and culture_000005.jpg,Clean
Art and culture_000007.jpg,Stego
Art and culture_000010.jpg,Clean
Art and culture_000011.jpg,Clean
Art and culture_000014.jpg,Clean
Art and culture_000015.jpg,Clean
Art and culture_000016.jpg,Stego
Art and culture_000017.jpg,Clean
Art and culture_000018.jpg,Clean
Art and culture_000019.png,Clean
Art exhibitions_000001.jpg,Clean
Art exhibitions_000002.jpg,Clean
Art exhibitions_000003.jpg,Clean
Art exhibitions_000004.jpg,Clean
Art exhibitions_000006.jpg,Clean
Art exhibitions_000007.jpg,Stego
Art exhibitions_000008.jpg,Clean
Art exhibitions_000011.jpg,Clean
Art exhibitions_000013.jpg,Clean
Art exhibitions_000014.jpg,Clean
Art exhibitions_000015.jpg,Clean
Art exhibitions_000016.jpg,Clean
Art exhibitions_000017.png,Clean
Art exhibitions_000018.jpg,Clean
Art exhibitions_000019.jpg,Clean
Art exhibitions_000020.jpg,Clean
Art exhibitions_000022.jpg,Clean
Art exhibitions_000023.jpg,Clean
Art exhibitions_000025.jpg,Clean
Art exhibitions_000026.jpg,Clean
Art exhibitions_000028.jpg,Clean
Art exhibitions_000029.jpg,Clean
Art exhibitions_000031.jpg,Clean
Art galleries_000001.jpg,Clean
Art galleries_000003.jpg,Clean
Art galleries_000006.jpg,Clean
Art galleries_000007.jpg,Clean
Art galleries_000009.jpg,Clean
Art galleries_000011.jpg,Clean
Art galleries_000012.jpg,Clean
Art galleries_000014.jpg,Clean
Art galleries_000015.jpg,Clean
Art galleries_000016.jpg,Clean
Art galleries_000017.jpg,Clean
Art galleries_000018.png,Stego
Art galleries_000019.jpg,Stego
Art galleries_000020.jpg,Clean
Art galleries_000021.jpg,Clean
Art galleries_000022.jpg,Clean
Art galleries_000023.jpg,Clean
Art galleries_000024.jpg,Clean
Art galleries_000026.jpg,Clean
Art galleries_000027.jpg,Clean
Art galleries_000028.jpg,Clean
Art galleries_000029.jpg,Clean
Art galleries_000030.jpg,Stego
Art galleries_000032.jpg,Clean
Art galleries_000035.jpg,Clean
Art galleries_000036.jpg,Clean
Art galleries_000037.jpg,Clean
Art supplies_000001.jpg,Stego
Art supplies_000002.jpg,Stego
Art supplies_000003.jpg,Clean
Art supplies_000005.jpg,Stego
Art supplies_000007.jpg,Stego
Art supplies_000008.jpg,Clean
Art supplies_000010.jpg,Clean
Art supplies_000011.jpg,Clean
Art supplies_000013.jpg,Clean
Art supplies_000014.jpg,Clean
Art supplies_000015.jpg,Clean
Art supplies_000017.png,Clean
Art supplies_000018.jpg,Clean
Art supplies_000019.png,Stego
Art supplies_000020.jpg,Stego
Art supplies_000021.jpg,Stego
Art supplies_000022.jpg,Stego
Art supplies_000023.png,Stego
Art supplies_000025.jpg,Stego
Art supplies_000027.png,Clean
Art supplies_000028.jpg,Clean
Art supplies_000030.jpg,Clean
Art supplies_000033.jpg,Stego
Art supplies_000034.jpg,Clean
Art supplies_000035.jpg,Clean
Art supplies_000036.jpg,Clean
Art supplies_000038.jpg,Clean
Art supplies_000040.jpg,Clean
Art supplies_000041.jpg,Clean
Art supplies_000042.jpg,Stego
Art supplies_000043.jpg,Clean
Art supplies_000044.jpg,Clean
Artisan crafts_000001.jpg,Clean
Artisan crafts_000004.jpg,Clean
Artisan crafts_000005.jpg,Clean
Artisan crafts_000006.jpg,Clean
Artisan crafts_000007.jpg,Clean
Artisan crafts_000008.jpg,Clean
Artisan crafts_000009.jpg,Clean
Artisan crafts_000010.jpg,Clean
Artisan crafts_000011.jpg,Clean
Artisan crafts_000012.jpg,Clean
Artisan crafts_000014.jpg,Clean
Artisan crafts_000015.jpg,Stego
Artisan crafts_000016.jpg,Clean
Artisan crafts_000017.png,Stego
Artisan crafts_000018.jpg,Clean
Artisan crafts_000019.jpg,Stego
Artisan crafts_000020.jpg,Clean
Artisan crafts_000021.jpg,Clean
Art_000002.jpg,Clean
Art_000004.jpg,Clean
Art_000005.jpg,Clean
Art_000006.jpg,Clean
Art_000009.jpg,Clean
Art_000010.png,Stego
Art_000013.jpg,Clean
Art_000014.jpg,Clean
Art_000015.jpg,Clean
Art_000016.jpg,Stego
Art_000017.jpg,Clean
Art_000018.jpg,Clean
Art_000019.jpg,Clean
Art_000020.jpg,Clean
Art_000021.jpg,Stego
Art_000022.jpg,Clean
Art_000024.jpg,Clean
Art_000025.png,Stego
Art_000026.jpg,Clean
Art_000027.jpg,Clean
Art_000028.jpg,Clean
Art_000030.jpg,Stego
Art_000031.jpg,Clean
Art_000032.jpg,Clean
Art_000034.jpg,Clean
Art_000035.jpg,Stego
Augmented reality_000002.jpg,Stego
Augmented reality_000006.jpg,Clean
Augmented reality_000007.jpg,Stego
Augmented reality_000008.jpg,Clean
Augmented reality_000009.jpg,Clean
Augmented reality_000011.jpg,Stego
Augmented reality_000013.jpg,Clean
Augmented reality_000014.jpg,Clean
Augmented reality_000015.jpg,Clean
Augmented reality_000017.jpg,Clean
Augmented reality_000018.jpg,Clean
Augmented reality_000019.jpg,Clean
Augmented reality_000021.jpg,Clean
Augmented reality_000022.jpg,Clean
Augmented reality_000023.jpg,Clean
Augmented reality_000024.png,Stego
Augmented reality_000025.jpg,Clean
Augmented reality_000026.jpg,Stego
Augmented reality_000027.jpg,Stego
Augmented reality_000028.jpg,Clean
Augmented reality_000029.jpg,Clean
Augmented reality_000030.jpg,Clean
Augmented reality_000031.jpg,Clean
Augmented reality_000032.jpg,Clean
Autumn leaves_000001.jpg,Stego
Autumn leaves_000003.jpg,Stego
Autumn leaves_000004.jpg,Clean
Autumn leaves_000006.jpg,Clean
Autumn leaves_000011.jpg,Clean
Autumn leaves_000013.jpg,Stego
Autumn leaves_000014.jpg,Clean
Autumn leaves_000015.jpg,Clean
Autumn leaves_000016.jpg,Stego
Autumn leaves_000017.jpg,Stego
Autumn leaves_000018.jpg,Clean
Autumn leaves_000019.jpg,Clean
Autumn leaves_000020.jpg,Clean
Autumn leaves_000021.jpg,Clean
Autumn leaves_000022.jpg,Stego
Autumn leaves_000024.jpg,Clean
Backgrounds_000003.jpg,Clean
Backgrounds_000004.jpg,Stego
Backgrounds_000005.jpeg,Clean
Backgrounds_000006.png,Clean
Backgrounds_000008.png,Stego
Backgrounds_000009.jpg,Clean
Backgrounds_000011.jpg,Clean
Backgrounds_000013.jpg,Stego
Backgrounds_000014.jpg,Clean
Backgrounds_000015.jpg,Clean
Backgrounds_000016.jpg,Clean
Backgrounds_000018.jpg,Clean
Backgrounds_000019.jpg,Clean
Backgrounds_000022.jpg,Clean
Backgrounds_000024.jpg,Clean
Bakeries_000001.png,Clean
Bakeries_000002.jpg,Clean
Bakeries_000003.jpg,Clean
Bakeries_000004.jpg,Clean
Bakeries_000005.jpg,Clean
Bakeries_000006.jpg,Clean
Bakeries_000007.jpg,Clean
Bakeries_000008.jpg,Clean
Bakeries_000010.jpg,Clean
Bakeries_000011.jpg,Clean
Bakeries_000012.jpg,Clean
Bakeries_000013.jpg,Clean
Bakeries_000014.jpg,Clean
Bakeries_000016.jpg,Clean
Bakeries_000017.jpg,Clean
Bakeries_000020.jpg,Clean
Bakeries_000022.jpg,Clean
Bakeries_000023.jpg,Clean
Bakeries_000025.jpg,Clean
Bakeries_000027.jpg,Clean
Bakeries_000028.jpg,Clean
Bakeries_000029.jpg,Stego
Bakeries_000030.jpg,Clean
Bakeries_000031.jpg,Clean
Bakeries_000033.jpg,Stego
Bakeries_000034.jpg,Clean
Bakeries_000037.jpg,Clean
Bakeries_000038.jpg,Clean
Bakeries_000039.jpg,Clean
Bakeries_000040.jpg,Clean
Bakeries_000041.jpg,Clean
Bakeries_000042.jpg,Stego
Bakeries_000044.jpg,Clean
Bakeries_000046.jpg,Clean
Bakeries_000048.jpg,Clean
Balcony gardens_000002.jpg,Clean
Balcony gardens_000003.jpg,Stego
Balcony gardens_000004.jpg,Clean
Balcony gardens_000006.jpg,Clean
Balcony gardens_000007.jpg,Clean
Balcony gardens_000008.png,Clean
Balcony gardens_000009.jpg,Clean
Balcony gardens_000010.jpg,Clean
Balcony gardens_000011.jpg,Clean
Balcony gardens_000012.jpg,Clean
Balcony gardens_000013.jpg,Clean
Balcony gardens_000014.png,Clean
Balcony gardens_000015.jpg,Clean
Balcony gardens_000016.jpg,Clean
Balcony gardens_000017.jpg,Clean
Balcony gardens_000019.jpg,Clean
Balcony gardens_000021.jpg,Clean
Balcony gardens_000022.jpg,Clean
Balcony gardens_000023.jpg,Clean
Balcony gardens_000024.jpg,Clean
Balcony gardens_000025.jpg,Clean
Balcony gardens_000027.jpg,Clean
Balcony gardens_000028.jpg,Stego
Ballet_000001.jpg,Clean
Ballet_000002.jpg,Clean
Ballet_000004.jpg,Clean
Ballet_000005.jpg,Stego
Ballet_000007.png,Stego
Ballet_000011.jpg,Clean
Ballet_000013.png,Stego
Ballet_000014.jpg,Clean
Ballet_000015.jpg,Clean
Ballet_000016.jpg,Clean
Ballet_000017.jpg,Clean
Ballet_000019.jpg,Clean
Ballet_000020.jpg,Stego
Ballet_000021.jpg,Clean
Ballet_000022.jpg,Stego
Ballet_000023.jpg,Stego
Ballet_000024.jpg,Stego
Band rehearsals_000001.jpg,Clean
Band rehearsals_000002.jpg,Clean
Band rehearsals_000003.jpg,Clean
Band rehearsals_000004.jpg,Clean
Band rehearsals_000005.jpg,Clean
Band rehearsals_000008.jpg,Clean
Band rehearsals_000009.jpg,Clean
Band rehearsals_000010.jpg,Clean
Band rehearsals_000011.jpg,Clean
Band rehearsals_000013.jpg,Clean
Band rehearsals_000014.jpg,Clean
Barbecue_000001.jpg,Clean
Barbecue_000002.jpg,Clean
Barbecue_000003.jpg,Clean
Barbecue_000005.jpg,Clean
Barbecue_000008.jpg,Clean
Barbecue_000011.jpg,Stego
Barbecue_000012.jpg,Clean
Barbecue_000013.jpg,Clean
Barbecue_000014.jpg,Clean
Barbecue_000018.jpg,Clean
Barbecue_000019.jpg,Clean
Barbecue_000022.jpg,Clean
Barbecue_000024.jpg,Clean
Barbecue_000026.jpg,Stego
Barbecue_000027.jpg,Clean
Barbecue_000028.jpg,Clean
Barbecue_000029.png,Stego
Barbecue_000030.jpg,Clean
Barbecue_000031.jpg,Stego
Barbecue_000032.jpg,Clean
Barbecue_000033.jpg,Clean
Barbecue_000034.jpg,Clean
Barbecue_000035.jpg,Clean
Barbecue_000037.jpg,Clean
Barbecue_000038.jpg,Clean
Barbecue_000039.jpg,Stego
Barbecue_000041.jpg,Clean
Barbecue_000042.jpg,Clean
Barbecue_000043.jpg,Stego
Barbecue_000044.jpg,Stego
Barbecue_000045.jpg,Clean
Barbecue_000046.jpg,Clean
Barbecue_000047.jpg,Clean
Barbecue_000049.jpg,Clean
Barbecue_000050.jpg,Clean
Barbecue_000051.jpg,Clean
Baseball_000001.jpg,Clean
Baseball_000002.jpg,Clean
Baseball_000003.jpg,Clean
Baseball_000004.jpg,Clean
Baseball_000005.jpg,Clean
Baseball_000006.jpg,Clean
Baseball_000007.jpg,Clean
Baseball_000008.png,Stego
Baseball_000010.jpg,Clean
Baseball_000012.jpg,Clean
Baseball_000014.jpg,Clean
Baseball_000016.jpg,Stego
Baseball_000017.jpg,Clean
Baseball_000018.jpg,Clean
Baseball_000019.jpg,Clean
Baseball_000022.jpg,Clean
Baseball_000023.jpg,Clean
Baseball_000024.jpg,Clean
Baseball_000025.jpg,Clean
Baseball_000026.jpg,Clean
Baseball_000027.jpg,Clean
Baseball_000028.jpg,Clean
Baseball_000029.jpg,Clean
Basketball_000001.png,Stego
Basketball_000003.jpg,Clean
Basketball_000005.png,Stego
Basketball_000006.jpg,Stego
Basketball_000007.jpg,Clean
Basketball_000008.jpg,Clean
Basketball_000009.jpg,Clean
Basketball_000010.jpg,Clean
Basketball_000012.jpg,Clean
Basketball_000013.png,Clean
Basketball_000014.jpg,Stego
Basketball_000015.png,Stego
Basketball_000016.png,Stego
Basketball_000018.jpg,Clean
Basketball_000019.jpg,Clean
Basketball_000020.jpg,Stego
Basketball_000024.jpg,Clean
Basketball_000025.jpg,Clean
Basketball_000026.png,Clean
Basketball_000027.png,Clean
Basketball_000028.png,Stego
Basketball_000029.jpg,Stego
Basketball_000030.jpg,Clean
Basketball_000031.png,Clean
Basketball_000032.jpg,Clean
Beaches_000001.jpg,Clean
Beaches_000002.jpg,Clean
Beaches_000003.jpg,Clean
Beaches_000004.jpg,Clean
Beaches_000005.jpg,Clean
Beaches_000006.jpg,Clean
Beaches_000008.jpg,Clean
Beaches_000009.jpg,Clean
Beaches_000010.jpg,Clean
Beaches_000011.jpg,Clean
Beaches_000012.jpg,Clean
Beaches_000015.jpg,Clean
Beaches_000016.jpg,Clean
Beaches_000017.jpg,Clean
Beaches_000018.jpg,Clean
Beaches_000019.jpg,Clean
Beaches_000020.jpg,Clean
Beaches_000021.jpg,Clean
Beaches_000022.png,Clean
Beaches_000023.jpg,Clean
Beaches_000024.jpg,Clean
Beaches_000026.jpg,Clean
Beaches_000028.jpg,Clean
Beaches_000029.jpg,Clean
Beaches_000031.png,Clean
Beaches_000032.jpg,Clean
Beach_000001.jpg,Clean
Beach_000002.jpg,Clean
Beach_000003.jpg,Clean
Beach_000004.jpg,Clean
Beach_000005.jpg,Clean
Beach_000007.jpg,Clean
Beach_000009.jpg,Clean
Beach_000010.jpg,Clean
Beach_000011.jpg,Clean
Beach_000012.jpg,Clean
Beach_000014.jpg,Clean
Bears_000001.jpg,Clean
Bears_000002.jpg,Clean
Bears_000003.jpg,Clean
Bears_000004.jpg,Clean
Bears_000005.jpg,Clean
Bears_000006.jpg,Clean
Bears_000007.jpg,Clean
Bears_000008.jpg,Clean
Bears_000009.jpg,Stego
Bears_000010.jpg,Clean
Bears_000011.png,Clean
Bears_000012.jpg,Clean
Bears_000013.jpg,Clean
Bears_000015.jpg,Clean
Bears_000018.jpg,Stego
Bears_000019.jpg,Clean
Bears_000020.jpg,Clean
Bears_000023.jpg,Clean
Bears_000025.jpg,Clean
Bears_000029.jpg,Clean
Beauty tutorials_000002.jpg,Clean
Beauty tutorials_000004.jpg,Clean
Beauty tutorials_000005.jpg,Clean
Beauty tutorials_000006.jpg,Clean
Beauty tutorials_000007.jpg,Clean
Beauty tutorials_000008.jpg,Clean
Beauty tutorials_000009.jpg,Stego
Beauty tutorials_000010.jpg,Clean
Beauty tutorials_000011.jpg,Clean
Beauty tutorials_000012.jpg,Clean
Beauty tutorials_000014.png,Stego
Beauty tutorials_000016.jpg,Clean
Beauty tutorials_000017.jpg,Stego
Beauty tutorials_000018.jpg,Clean
Beauty tutorials_000021.jpg,Clean
Beauty tutorials_000022.jpg,Clean
Beauty tutorials_000024.jpg,Stego
Beauty_000001.jpg,Clean
Beauty_000003.jpg,Clean
Beauty_000004.jpg,Clean
Beauty_000005.jpg,Clean
Beauty_000008.jpg,Clean
Beauty_000009.jpg,Clean
Beauty_000010.jpg,Clean
Beauty_000011.png,Stego
Beauty_000014.jpg,Clean
Beauty_000018.jpg,Clean
Beauty_000019.jpg,Clean
Beauty_000020.jpg,Clean
Beauty_000022.jpg,Clean
Beauty_000023.jpg,Stego
Beauty_000026.jpg,Stego
Beer_000003.jpg,Clean
Beer_000004.jpg,Clean
Beer_000005.jpg,Clean
Beer_000006.jpg,Clean
Beer_000007.jpg,Stego
Beer_000008.jpg,Stego
Beer_000009.jpg,Clean
Beer_000010.jpg,Clean
Beer_000011.jpg,Stego
Beer_000012.jpg,Clean
Beer_000014.jpg,Clean
Beer_000015.jpg,Clean
Beer_000016.jpg,Stego
Beer_000019.jpg,Stego
Beer_000020.jpg,Clean
Beer_000026.jpg,Stego
Beer_000028.jpg,Stego
Beer_000030.jpg,Stego
Beer_000032.jpg,Stego
Beer_000034.jpg,Stego
Beer_000035.jpg,Stego
Beer_000037.jpg,Stego
Beer_000039.jpg,Stego
Beer_000041.jpg,Stego
Beer_000042.jpg,Stego
Beer_000043.jpg,Stego
Beer_000044.jpg,Stego
Beer_000045.jpg,Clean
Beverages_000001.jpg,Clean
Beverages_000002.png,Clean
Beverages_000003.jpg,Clean
Beverages_000004.jpg,Stego
Beverages_000005.jpg,Clean
Beverages_000007.jpg,Stego
Beverages_000008.png,Clean
Beverages_000010.jpg,Clean
Beverages_000014.jpg,Stego
Beverages_000015.jpg,Stego
Beverages_000016.jpg,Clean
Beverages_000017.jpg,Stego
Beverages_000019.jpg,Stego
Beverages_000020.jpg,Stego
Beverages_000021.jpg,Stego
Beverages_000022.jpg,Stego
Beverages_000024.jpg,Stego
Beverages_000027.jpg,Stego
Beverages_000028.jpg,Clean
Beverages_000030.jpg,Clean
Beverages_000031.jpg,Clean
Beverages_000032.jpg,Stego
Beverages_000033.png,Stego
Beverages_000034.jpg,Clean
Beverages_000035.jpg,Clean
Birds_000001.jpg,Clean
Birds_000002.jpg,Clean
Birds_000003.png,Stego
Birds_000005.png,Stego
Birds_000008.jpg,Clean
Birds_000012.jpg,Clean
Birds_000013.png,Stego
Birds_000014.jpg,Clean
Birds_000015.jpg,Clean
Birds_000018.jpg,Clean
Birds_000019.jpg,Clean
Birds_000021.jpg,Clean
Birds_000022.jpg,Clean
Birds_000023.jpg,Clean
Black and white photography_000001.jpg,Clean
Black and white photography_000002.jpg,Clean
Black and white photography_000003.jpg,Clean
Black and white photography_000004.jpg,Clean
Black and white photography_000005.jpg,Clean
Black and white photography_000006.jpg,Stego
Black and white photography_000008.jpg,Stego
Black and white photography_000010.jpg,Stego
Black and white photography_000011.jpg,Clean
Black and white photography_000014.jpg,Stego
Black and white photography_000015.jpg,Stego
Black and white photography_000016.jpg,Clean
Black and white photography_000017.jpg,Clean
Black and white photography_000018.jpg,Clean
Black and white photography_000019.jpg,Clean
Black and white photography_000022.jpg,Clean
Black and white photography_000024.jpg,Clean
Black and white photography_000025.jpg,Clean
Black and white photography_000026.jpg,Clean
Black and white photography_000027.jpg,Stego
Black and white photography_000028.jpg,Clean
Black and white photography_000031.jpg,Clean
Black and white photography_000033.jpg,Clean
Black and white photography_000034.jpg,Clean
Black and white photography_000035.jpg,Clean
Black and white photography_000036.jpg,Clean
Black and white photography_000037.jpg,Stego
Black and white photography_000040.jpg,Clean
Black and white photography_000041.jpg,Clean
Black and white photography_000042.jpg,Clean
Black and white photography_000043.jpg,Clean
Black and white photography_000044.jpg,Clean
Black and white photography_000045.jpg,Clean
Blogging_000001.jpg,Stego
Blogging_000002.png,Clean
Blogging_000003.png,Stego
Blogging_000004.png,Stego
Blogging_000005.jpg,Clean
Blogging_000006.png,Stego
Blogging_000007.jpg,Stego
Blogging_000008.jpg,Clean
Blogging_000010.jpg,Clean
Blogging_000011.png,Stego
Blogging_000013.jpg,Clean
Blogging_000014.jpg,Stego
Blogging_000015.png,Stego
Blogging_000017.png,Stego
Blogging_000018.jpg,Clean
Blogging_000019.png,Stego
Blogging_000020.png,Stego
Blogging_000021.jpg,Stego
Blogging_000023.jpg,Stego
Blogging_000025.png,Clean
Blogging_000026.jpg,Clean
Blogging_000027.jpg,Clean
Blogging_000028.png,Stego
Blogging_000030.jpg,Stego
Blogging_000031.jpg,Stego
Blogging_000032.jpg,Clean
Bookstores_000001.png,Clean
Bookstores_000002.jpg,Clean
Bookstores_000003.jpg,Clean
Bookstores_000004.png,Stego
Bookstores_000005.jpg,Clean
Bookstores_000006.jpg,Clean
Bookstores_000009.jpg,Clean
Bookstores_000011.jpg,Clean
Bookstores_000012.jpg,Clean
Bookstores_000013.jpg,Clean
Bookstores_000014.jpg,Clean
Bookstores_000015.jpg,Clean
Bookstores_000016.jpg,Clean
Bookstores_000017.jpg,Clean
Bookstores_000018.jpg,Clean
Bookstores_000021.jpg,Clean
Bookstores_000022.jpg,Clean
Bookstores_000023.jpg,Clean
Bookstores_000025.jpg,Stego
Bookstores_000026.jpg,Clean
Bookstores_000028.jpg,Stego
Bookstores_000029.jpg,Clean
Bookstores_000031.jpg,Stego
Bookstores_000032.png,Stego
Bookstores_000033.jpg,Clean
Bookstores_000034.jpg,Clean
Bread_000001.jpg,Stego
Bread_000002.jpg,Clean
Bread_000003.jpg,Stego
Bread_000004.jpg,Clean
Bread_000005.jpg,Clean
Bread_000008.jpg,Clean
Bread_000009.jpg,Stego
Bread_000010.jpg,Clean
Bread_000011.jpg,Clean
Bread_000013.jpg,Clean
Bread_000015.jpg,Clean
Bread_000017.jpg,Clean
Bread_000018.jpg,Clean
Bread_000019.jpg,Clean
Bread_000020.jpg,Clean
Bread_000022.jpg,Clean
Bread_000024.jpg,Clean
Bread_000025.jpg,Clean
Bread_000027.jpg,Clean
Bread_000028.jpg,Clean
Bread_000029.jpg,Clean
Bread_000030.jpg,Clean
Bread_000031.jpg,Clean
Bread_000032.jpg,Clean
Bread_000033.jpg,Clean
Bread_000034.png,Stego
Bread_000038.png,Clean
Bread_000040.jpg,Clean
Bread_000041.jpg,Clean
Bread_000042.jpg,Clean
Bread_000043.jpg,Clean
Breakfast_000001.jpg,Clean
Breakfast_000004.jpg,Clean
Breakfast_000005.jpg,Clean
Breakfast_000006.jpg,Clean
Breakfast_000010.jpg,Clean
Breakfast_000011.jpg,Clean
Breakfast_000013.jpg,Stego
Breakfast_000014.jpg,Clean
Breakfast_000016.jpg,Clean
Breakfast_000018.jpg,Clean
Breakfast_000021.jpg,Clean
Breakfast_000022.jpg,Clean
Breakfast_000023.jpg,Clean
Breakfast_000024.jpg,Clean
Breakfast_000025.jpg,Clean
Breakfast_000026.jpg,Clean
Breakfast_000028.jpg,Clean
Breakfast_000029.jpg,Clean
Breakfast_000031.jpg,Clean
Brewery tours_000001.jpg,Clean
Brewery tours_000002.jpg,Clean
Brewery tours_000003.jpg,Clean
Brewery tours_000005.jpg,Clean
Brewery tours_000006.jpg,Clean
Brewery tours_000007.jpg,Clean
Brewery tours_000008.jpg,Clean
Brewery tours_000010.jpg,Clean
Brewery tours_000011.jpg,Clean
Brewery tours_000012.jpg,Clean
Brewery tours_000013.png,Stego
Brewery tours_000014.jpg,Clean
Brewery tours_000015.jpg,Clean
Brewery tours_000016.jpg,Clean
Brewery tours_000017.jpg,Clean
Brewery tours_000018.jpg,Clean
Brewery tours_000019.jpg,Clean
Brewery tours_000020.jpg,Clean
Brewery tours_000021.jpg,Clean
Brewery tours_000022.jpg,Clean
Brewery tours_000023.jpg,Clean
Brewery tours_000025.png,Stego
Brewery tours_000026.png,Stego
Brewery tours_000029.jpg,Clean
Brewery tours_000030.jpg,Clean
Brewery tours_000032.jpg,Clean
Brewery tours_000033.jpg,Stego
Brewery tours_000034.jpg,Clean
Brewery tours_000035.jpg,Clean
Brewery tours_000036.jpg,Clean
Brewery tours_000038.jpg,Clean
Brewery tours_000039.jpg,Clean
Brewery tours_000040.jpg,Clean
Brewery tours_000041.jpg,Clean
Brewery tours_000042.jpg,Clean
Burgers_000001.jpg,Clean
Burgers_000003.jpg,Clean
Burgers_000005.jpg,Clean
Burgers_000006.jpg,Clean
Burgers_000007.jpg,Clean
Burgers_000008.jpg,Clean
Burgers_000010.jpg,Clean
Burgers_000011.jpg,Clean
Burgers_000012.jpg,Clean
Burgers_000014.jpg,Clean
Burgers_000015.jpg,Stego
Burgers_000016.jpg,Clean
Burgers_000019.jpg,Clean
Burgers_000020.jpg,Clean
Burgers_000021.jpg,Clean
Burgers_000022.jpg,Clean
Burgers_000025.jpg,Clean
Burgers_000027.jpg,Clean
Burgers_000029.png,Clean
Burgers_000031.jpg,Clean
Burgers_000032.jpg,Clean
Burgers_000033.jpg,Clean
Business tips_000001.png,Stego
